INSERT INTO PROJECTPCS.CATEGORY (ID, KODE, NAMA, STATUS, CREATED_AT) VALUES (1, 'CATBU001', 'Buku', '1', TO_DATE('2021-05-24 20:39:03', 'YYYY-MM-DD HH24:MI:SS'));
INSERT INTO PROJECTPCS.CATEGORY (ID, KODE, NAMA, STATUS, CREATED_AT) VALUES (2, 'CATDA001', 'Dapur', '1', TO_DATE('2021-05-24 20:39:03', 'YYYY-MM-DD HH24:MI:SS'));
INSERT INTO PROJECTPCS.CATEGORY (ID, KODE, NAMA, STATUS, CREATED_AT) VALUES (3, 'CATEL001', 'Elektronik', '1', TO_DATE('2021-05-24 20:39:03', 'YYYY-MM-DD HH24:MI:SS'));
INSERT INTO PROJECTPCS.CATEGORY (ID, KODE, NAMA, STATUS, CREATED_AT) VALUES (4, 'CATFA001', 'Fashion Anak & Bayi', '1', TO_DATE('2021-05-24 20:39:03', 'YYYY-MM-DD HH24:MI:SS'));
INSERT INTO PROJECTPCS.CATEGORY (ID, KODE, NAMA, STATUS, CREATED_AT) VALUES (5, 'CATFM001', 'Fashion Muslim', '1', TO_DATE('2021-05-24 20:39:03', 'YYYY-MM-DD HH24:MI:SS'));
INSERT INTO PROJECTPCS.CATEGORY (ID, KODE, NAMA, STATUS, CREATED_AT) VALUES (6, 'CATFP001', 'Fashion Pria', '1', TO_DATE('2021-05-24 20:39:03', 'YYYY-MM-DD HH24:MI:SS'));
INSERT INTO PROJECTPCS.CATEGORY (ID, KODE, NAMA, STATUS, CREATED_AT) VALUES (7, 'CATFW001', 'Fashion Wanita', '1', TO_DATE('2021-05-24 20:39:03', 'YYYY-MM-DD HH24:MI:SS'));
INSERT INTO PROJECTPCS.CATEGORY (ID, KODE, NAMA, STATUS, CREATED_AT) VALUES (8, 'CATF&001', 'Film & Musik', '1', TO_DATE('2021-05-24 20:39:03', 'YYYY-MM-DD HH24:MI:SS'));
INSERT INTO PROJECTPCS.CATEGORY (ID, KODE, NAMA, STATUS, CREATED_AT) VALUES (9, 'CATGA001', 'Gaming', '1', TO_DATE('2021-05-24 20:39:03', 'YYYY-MM-DD HH24:MI:SS'));
INSERT INTO PROJECTPCS.CATEGORY (ID, KODE, NAMA, STATUS, CREATED_AT) VALUES (10, 'CATH&001', 'Handphone & Tablet', '1', TO_DATE('2021-05-24 20:39:03', 'YYYY-MM-DD HH24:MI:SS'));
INSERT INTO PROJECTPCS.CATEGORY (ID, KODE, NAMA, STATUS, CREATED_AT) VALUES (11, 'CATI&001', 'Ibu & Bayi', '1', TO_DATE('2021-05-24 20:39:03', 'YYYY-MM-DD HH24:MI:SS'));
INSERT INTO PROJECTPCS.CATEGORY (ID, KODE, NAMA, STATUS, CREATED_AT) VALUES (12, 'CATKA001', 'Kamera', '1', TO_DATE('2021-05-24 20:39:03', 'YYYY-MM-DD HH24:MI:SS'));
INSERT INTO PROJECTPCS.CATEGORY (ID, KODE, NAMA, STATUS, CREATED_AT) VALUES (13, 'CATKE001', 'Kecantikan', '1', TO_DATE('2021-05-24 20:39:03', 'YYYY-MM-DD HH24:MI:SS'));
INSERT INTO PROJECTPCS.CATEGORY (ID, KODE, NAMA, STATUS, CREATED_AT) VALUES (14, 'CATKE002', 'Kesehatan', '1', TO_DATE('2021-05-24 20:39:03', 'YYYY-MM-DD HH24:MI:SS'));
INSERT INTO PROJECTPCS.CATEGORY (ID, KODE, NAMA, STATUS, CREATED_AT) VALUES (15, 'CATK&001', 'Komputer & Laptop', '1', TO_DATE('2021-05-24 20:39:03', 'YYYY-MM-DD HH24:MI:SS'));
INSERT INTO PROJECTPCS.CATEGORY (ID, KODE, NAMA, STATUS, CREATED_AT) VALUES (16, 'CATLM001', 'Logam Mulia', '1', TO_DATE('2021-05-24 20:39:03', 'YYYY-MM-DD HH24:MI:SS'));
INSERT INTO PROJECTPCS.CATEGORY (ID, KODE, NAMA, STATUS, CREATED_AT) VALUES (17, 'CATM&001', 'Mainan & Hobi', '1', TO_DATE('2021-05-24 20:39:03', 'YYYY-MM-DD HH24:MI:SS'));
INSERT INTO PROJECTPCS.CATEGORY (ID, KODE, NAMA, STATUS, CREATED_AT) VALUES (18, 'CATM&002', 'Makanan & Minuman', '1', TO_DATE('2021-05-24 20:39:03', 'YYYY-MM-DD HH24:MI:SS'));
INSERT INTO PROJECTPCS.CATEGORY (ID, KODE, NAMA, STATUS, CREATED_AT) VALUES (19, 'CATO&001', 'Office & Stationery', '1', TO_DATE('2021-05-24 20:39:03', 'YYYY-MM-DD HH24:MI:SS'));
INSERT INTO PROJECTPCS.CATEGORY (ID, KODE, NAMA, STATUS, CREATED_AT) VALUES (20, 'CATOL001', 'Olahraga', '1', TO_DATE('2021-05-24 20:39:03', 'YYYY-MM-DD HH24:MI:SS'));
INSERT INTO PROJECTPCS.CATEGORY (ID, KODE, NAMA, STATUS, CREATED_AT) VALUES (21, 'CATOT001', 'Otomotif', '1', TO_DATE('2021-05-24 20:39:03', 'YYYY-MM-DD HH24:MI:SS'));
INSERT INTO PROJECTPCS.CATEGORY (ID, KODE, NAMA, STATUS, CREATED_AT) VALUES (22, 'CATPH001', 'Perawatan Hewan', '1', TO_DATE('2021-05-24 20:39:03', 'YYYY-MM-DD HH24:MI:SS'));
INSERT INTO PROJECTPCS.CATEGORY (ID, KODE, NAMA, STATUS, CREATED_AT) VALUES (23, 'CATPT001', 'Perawatan Tubuh', '1', TO_DATE('2021-05-24 20:39:04', 'YYYY-MM-DD HH24:MI:SS'));
INSERT INTO PROJECTPCS.CATEGORY (ID, KODE, NAMA, STATUS, CREATED_AT) VALUES (24, 'CATPP001', 'Perlengkapan Pesta & Craft', '1', TO_DATE('2021-05-24 20:39:04', 'YYYY-MM-DD HH24:MI:SS'));
INSERT INTO PROJECTPCS.CATEGORY (ID, KODE, NAMA, STATUS, CREATED_AT) VALUES (25, 'CATPE001', 'Pertukangan', '1', TO_DATE('2021-05-24 20:39:04', 'YYYY-MM-DD HH24:MI:SS'));
INSERT INTO PROJECTPCS.CATEGORY (ID, KODE, NAMA, STATUS, CREATED_AT) VALUES (26, 'CATPL001', 'Produk Lainnya', '1', TO_DATE('2021-05-24 20:39:04', 'YYYY-MM-DD HH24:MI:SS'));
INSERT INTO PROJECTPCS.CATEGORY (ID, KODE, NAMA, STATUS, CREATED_AT) VALUES (27, 'CATPR001', 'Properti', '1', TO_DATE('2021-05-24 20:39:04', 'YYYY-MM-DD HH24:MI:SS'));
INSERT INTO PROJECTPCS.CATEGORY (ID, KODE, NAMA, STATUS, CREATED_AT) VALUES (28, 'CATRT001', 'Rumah Tangga', '1', TO_DATE('2021-05-24 20:39:04', 'YYYY-MM-DD HH24:MI:SS'));
INSERT INTO PROJECTPCS.CATEGORY (ID, KODE, NAMA, STATUS, CREATED_AT) VALUES (29, 'CATT&001', 'Tour & Travel', '1', TO_DATE('2021-05-24 20:39:04', 'YYYY-MM-DD HH24:MI:SS'));
INSERT INTO PROJECTPCS.CATEGORY (ID, KODE, NAMA, STATUS, CREATED_AT) VALUES (30, 'CATWE001', 'Wedding', '1', TO_DATE('2021-05-24 20:39:04', 'YYYY-MM-DD HH24:MI:SS'));

INSERT INTO PROJECTPCS.CUSTOMER (ID, EMAIL, NAMA, TANGGAL_LAHIR, ALAMAT, NO_TELP, KODE, STATUS, PASSWORD, IMAGE, CREATED_AT) VALUES (1, 'bc@gmail.com', 'BRYAN', TO_DATE('2000-10-18 14:12:54', 'YYYY-MM-DD HH24:MI:SS'), 'LONG BEACH S10/37, SURABAYA', '01234567891', 'CUBR001', '1', 'bc123', null, TO_DATE('2021-06-07 14:14:08', 'YYYY-MM-DD HH24:MI:SS'));
INSERT INTO PROJECTPCS.CUSTOMER (ID, EMAIL, NAMA, TANGGAL_LAHIR, ALAMAT, NO_TELP, KODE, STATUS, PASSWORD, IMAGE, CREATED_AT) VALUES (2, 'budhi@gmail.com', 'BUDHI', TO_DATE('2001-04-22 14:15:38', 'YYYY-MM-DD HH24:MI:SS'), 'LONG BEACH S10/38, SURABAYA', '01234567891', 'CUBU001', '1', 'budhi123', null, TO_DATE('2021-06-07 14:18:05', 'YYYY-MM-DD HH24:MI:SS'));
INSERT INTO PROJECTPCS.CUSTOMER (ID, EMAIL, NAMA, TANGGAL_LAHIR, ALAMAT, NO_TELP, KODE, STATUS, PASSWORD, IMAGE, CREATED_AT) VALUES (3, 'chen@gmail.com', 'CHEN', TO_DATE('2001-07-24 14:18:20', 'YYYY-MM-DD HH24:MI:SS'), 'LONG BEACH S10/39, SURABAYA', '01234567891', 'CUCH001', '1', 'chen123', null, TO_DATE('2021-06-07 14:19:12', 'YYYY-MM-DD HH24:MI:SS'));
INSERT INTO PROJECTPCS.CUSTOMER (ID, EMAIL, NAMA, TANGGAL_LAHIR, ALAMAT, NO_TELP, KODE, STATUS, PASSWORD, IMAGE, CREATED_AT) VALUES (4, 'mar2@gmail.com', 'ANDREAS', TO_DATE('2001-06-09 14:19:53', 'YYYY-MM-DD HH24:MI:SS'), 'LONG BEACH S10/40, SURABAYA', '01234567891', 'CUAN001', '1', 'mar123', null, TO_DATE('2021-06-07 14:20:25', 'YYYY-MM-DD HH24:MI:SS'));
INSERT INTO PROJECTPCS.CUSTOMER (ID, EMAIL, NAMA, TANGGAL_LAHIR, ALAMAT, NO_TELP, KODE, STATUS, PASSWORD, IMAGE, CREATED_AT) VALUES (5, 'bunga@gmail.com', 'AUDREY', TO_DATE('2001-03-10 14:21:05', 'YYYY-MM-DD HH24:MI:SS'), 'LONG BEACH S10/36, SURABAYA', '01234567891', 'CUAU001', '1', 'bu123', null, TO_DATE('2021-06-07 14:21:38', 'YYYY-MM-DD HH24:MI:SS'));
INSERT INTO PROJECTPCS.CUSTOMER (ID, EMAIL, NAMA, TANGGAL_LAHIR, ALAMAT, NO_TELP, KODE, STATUS, PASSWORD, IMAGE, CREATED_AT) VALUES (6, 'veve@gmail.com', 'VERONICA', TO_DATE('2001-10-09 14:22:04', 'YYYY-MM-DD HH24:MI:SS'), 'SHORT BEACH S01/01, SURABAYA', '01234567891', 'CUVE001', '1', 've123', null, TO_DATE('2021-06-07 14:23:42', 'YYYY-MM-DD HH24:MI:SS'));
INSERT INTO PROJECTPCS.CUSTOMER (ID, EMAIL, NAMA, TANGGAL_LAHIR, ALAMAT, NO_TELP, KODE, STATUS, PASSWORD, IMAGE, CREATED_AT) VALUES (7, 'angel@gmail.com', 'ANGELICA', TO_DATE('2000-02-07 14:23:14', 'YYYY-MM-DD HH24:MI:SS'), 'SHORT BEACH S01/02, SURABAYA', '01234567891', 'CUAN002', '1', 'ang123', null, TO_DATE('2021-06-07 14:23:42', 'YYYY-MM-DD HH24:MI:SS'));
INSERT INTO PROJECTPCS.CUSTOMER (ID, EMAIL, NAMA, TANGGAL_LAHIR, ALAMAT, NO_TELP, KODE, STATUS, PASSWORD, IMAGE, CREATED_AT) VALUES (8, 'jeje@gmail.com', 'JOSELIND', TO_DATE('2001-03-10 14:24:13', 'YYYY-MM-DD HH24:MI:SS'), 'SHORT BEACH S01/03, SURABAYA', '01234567891', 'CUJO001', '1', 'je123', null, TO_DATE('2021-06-07 14:25:09', 'YYYY-MM-DD HH24:MI:SS'));
INSERT INTO PROJECTPCS.CUSTOMER (ID, EMAIL, NAMA, TANGGAL_LAHIR, ALAMAT, NO_TELP, KODE, STATUS, PASSWORD, IMAGE, CREATED_AT) VALUES (9, 'clarissa@gmail.com', 'CLARISSA', TO_DATE('2002-10-12 14:25:57', 'YYYY-MM-DD HH24:MI:SS'), 'SHORT BEACH S01/04, SURABAYA', '01234567891', 'CUCL001', '1', 'cl123', null, TO_DATE('2021-06-07 14:26:33', 'YYYY-MM-DD HH24:MI:SS'));
INSERT INTO PROJECTPCS.CUSTOMER (ID, EMAIL, NAMA, TANGGAL_LAHIR, ALAMAT, NO_TELP, KODE, STATUS, PASSWORD, IMAGE, CREATED_AT) VALUES (10, 'jess@gmail.com', 'JESSICA', TO_DATE('2003-06-07 14:27:57', 'YYYY-MM-DD HH24:MI:SS'), 'SHORT BEACH S01/05, SURABAYA', '01234567891', 'CUJE001', '1', 'js123', null, TO_DATE('2021-06-07 14:28:20', 'YYYY-MM-DD HH24:MI:SS'));

INSERT INTO PROJECTPCS.SELLER (ID, KODE, EMAIL, NAMA_TOKO, ALAMAT, NO_TELP, SALDO, IS_OFFICIAL, STATUS, PASSWORD, CREATED_AT, NAMA_SELLER, NIK, IMAGE) VALUES (1, 'SETE001', 'techlogi@gmail.com', 'TECHLOGI', 'Ngagel Jaya Tengah VI no 7', '03214567891', 180000, '1', '1', 'bc123', TO_DATE('2021-06-07 14:34:17', 'YYYY-MM-DD HH24:MI:SS'), 'CHRISTOPHER', '7895531246200015', null);
INSERT INTO PROJECTPCS.SELLER (ID, KODE, EMAIL, NAMA_TOKO, ALAMAT, NO_TELP, SALDO, IS_OFFICIAL, STATUS, PASSWORD, CREATED_AT, NAMA_SELLER, NIK, IMAGE) VALUES (2, 'SEMU001', 'multiqlo@gmail.com', 'MULTIQLO', 'Level UG, Galaxy Mall 3, Jl. Dr. Ir. H. Soekarno No.35-39, Mulyorejo, Kec. Mulyorejo, Kota SBY, Jawa Timur 60115', '0315957955', 200000, '1', '1', 'budhi123', TO_DATE('2021-06-07 14:37:46', 'YYYY-MM-DD HH24:MI:SS'), 'CHRISTIAN', '7828862435400002', null);
INSERT INTO PROJECTPCS.SELLER (ID, KODE, EMAIL, NAMA_TOKO, ALAMAT, NO_TELP, SALDO, IS_OFFICIAL, STATUS, PASSWORD, CREATED_AT, NAMA_SELLER, NIK, IMAGE) VALUES (3, 'SEGA001', 'gameworld@gmail.com', 'GAMEWORLD', 'Jl. Klampis Aji I No.19, Klampis Ngasem, Kec. Sukolilo, Kota SBY, Jawa Timur 60117', '087814356234', 380000, '1', '1', 'chen123', TO_DATE('2021-06-07 14:48:46', 'YYYY-MM-DD HH24:MI:SS'), 'SEN LONG', '2405465632400001', null);
INSERT INTO PROJECTPCS.SELLER (ID, KODE, EMAIL, NAMA_TOKO, ALAMAT, NO_TELP, SALDO, IS_OFFICIAL, STATUS, PASSWORD, CREATED_AT, NAMA_SELLER, NIK, IMAGE) VALUES (4, 'SEMS001', 'mango@gmail.com', 'MANGO STORE', 'ITC Mega Grosir Surabaya. Lantai 2 blok F1 no.2-3, Jl. Gembong Indonesia No.20 - 30, Kapasan, Kec. Simokerto, Kota SBY, Jawa Timur 60000', '08113225665', 12000000, '0', '1', 'mar123', TO_DATE('2021-06-07 14:50:44', 'YYYY-MM-DD HH24:MI:SS'), 'MARIA', '5622130578900001', null);
INSERT INTO PROJECTPCS.SELLER (ID, KODE, EMAIL, NAMA_TOKO, ALAMAT, NO_TELP, SALDO, IS_OFFICIAL, STATUS, PASSWORD, CREATED_AT, NAMA_SELLER, NIK, IMAGE) VALUES (5, 'SEVE001', 'vera@mail.com', 'Veramons', 'Griya Batuaji Asri Blok X No. 19, Kelurahan Sei Langkai, Kecamatan Sagulung', '08127015790', 0, '1', '1', 'eeC6ha2z', TO_DATE('2021-06-07 14:52:37', 'YYYY-MM-DD HH24:MI:SS'), 'MISHAELA', '5508370303488905', null);
INSERT INTO PROJECTPCS.SELLER (ID, KODE, EMAIL, NAMA_TOKO, ALAMAT, NO_TELP, SALDO, IS_OFFICIAL, STATUS, PASSWORD, CREATED_AT, NAMA_SELLER, NIK, IMAGE) VALUES (6, 'SERA001', 'rale@mail.com', 'Raleigh', 'Jl Satria Raya 166 A,Jelambar', '0215688594', 0, '0', '1', 'aeQui7Fiu', TO_DATE('2021-06-07 14:54:16', 'YYYY-MM-DD HH24:MI:SS'), 'ELIZABETH', '4485906131188488', null);
INSERT INTO PROJECTPCS.SELLER (ID, KODE, EMAIL, NAMA_TOKO, ALAMAT, NO_TELP, SALDO, IS_OFFICIAL, STATUS, PASSWORD, CREATED_AT, NAMA_SELLER, NIK, IMAGE) VALUES (7, 'SEGF001', 'gf@mail.com', 'Grey Fade', '3rd Floor, Industrial street Nr 5, Industrial Estate of Baihao Houjie Town', '8676985034511', 0, '0', '1', 'Wei2ohHee', TO_DATE('2021-06-07 14:55:36', 'YYYY-MM-DD HH24:MI:SS'), 'GABRIELLA', '4716789205181394', null);
INSERT INTO PROJECTPCS.SELLER (ID, KODE, EMAIL, NAMA_TOKO, ALAMAT, NO_TELP, SALDO, IS_OFFICIAL, STATUS, PASSWORD, CREATED_AT, NAMA_SELLER, NIK, IMAGE) VALUES (8, 'SEME001', 'metro@mail.com', 'Metro', 'Jl Kyai Caringin 14,Cideng', '02163863558', 0, '0', '1', 'UPh4EeVeeLoQu', TO_DATE('2021-06-07 14:57:00', 'YYYY-MM-DD HH24:MI:SS'), 'CATHERINE', '5149722015037823', null);

INSERT INTO PROJECTPCS.ITEM (ID, KODE, ID_CATEGORY, HARGA, STATUS, NAMA, DESKRIPSI, ID_SELLER, BERAT, STOK, RATING, IMAGE, CREATED_AT) VALUES (1, 'ITMT001', 3, 50000, '1', 'MOUSE TYPE A', 'MOUSE HARGA TERJANGKAU, RINGAN DAN NYAMAN DI TANGAN', 1, 80, 49, 0, 'ITMT001.png', null);
INSERT INTO PROJECTPCS.ITEM (ID, KODE, ID_CATEGORY, HARGA, STATUS, NAMA, DESKRIPSI, ID_SELLER, BERAT, STOK, RATING, IMAGE, CREATED_AT) VALUES (2, 'ITMT002', 3, 40000, '1', 'MOUSE TYPE B', 'MOUSE DENGAN KUALITAS MENGAGUMKAN INI TENTU AKAN SANGAT MEMBANTU DAN MEMPERCEPAT PEKERJAAN ANDA', 1, 50, 119, 5, 'ITMT002.png', null);
INSERT INTO PROJECTPCS.ITEM (ID, KODE, ID_CATEGORY, HARGA, STATUS, NAMA, DESKRIPSI, ID_SELLER, BERAT, STOK, RATING, IMAGE, CREATED_AT) VALUES (3, 'ITMT003', 3, 150000, '1', 'MOUSE TYPE GA', 'MOUSE GAMING YANG CEPAT DAN AKURAT SERTA HARGA YANG TERJANGKAU TENTUNYA AKAN MEMBANTU ANDA MENANG DI SETIAP GAME.', 1, 100, 88, null, 'ITMT003.png', null);
INSERT INTO PROJECTPCS.ITEM (ID, KODE, ID_CATEGORY, HARGA, STATUS, NAMA, DESKRIPSI, ID_SELLER, BERAT, STOK, RATING, IMAGE, CREATED_AT) VALUES (4, 'ITMT004', 3, 800000, '1', 'MOUSE TYPE GCB', 'MOUSE DENGAN FITUR "BUILT IN CHEAT" YANG AKAN MEMBUAT ANDA SELALU MENANG DI SETIAP GAME.', 1, 150, 2, null, 'ITMT004.png', null);
INSERT INTO PROJECTPCS.ITEM (ID, KODE, ID_CATEGORY, HARGA, STATUS, NAMA, DESKRIPSI, ID_SELLER, BERAT, STOK, RATING, IMAGE, CREATED_AT) VALUES (5, 'ITBW001', 7, 200000, '1', 'BAJU WANITA A', 'BAJU WANITA BERTIPE A', 2, 150, 77, 2, 'ITBW001.png', null);
INSERT INTO PROJECTPCS.ITEM (ID, KODE, ID_CATEGORY, HARGA, STATUS, NAMA, DESKRIPSI, ID_SELLER, BERAT, STOK, RATING, IMAGE, CREATED_AT) VALUES (6, 'ITBW002', 7, 300000, '1', 'BAJU WANITA B', 'BAJU WANITA BERTIPE B', 2, 120, 90, null, 'ITBW002.png', null);
INSERT INTO PROJECTPCS.ITEM (ID, KODE, ID_CATEGORY, HARGA, STATUS, NAMA, DESKRIPSI, ID_SELLER, BERAT, STOK, RATING, IMAGE, CREATED_AT) VALUES (7, 'ITBW003', 7, 300000, '1', 'BAJU WANITA C', 'BAJU WANITA BERTIPE C', 2, 130, 47, null, 'ITBW003.png', null);
INSERT INTO PROJECTPCS.ITEM (ID, KODE, ID_CATEGORY, HARGA, STATUS, NAMA, DESKRIPSI, ID_SELLER, BERAT, STOK, RATING, IMAGE, CREATED_AT) VALUES (8, 'ITKU001', 6, 200000, '1', 'KAOS UNIVERSAL A', 'KAOS UNIVERSAL BERTIPE A', 2, 100, 98, null, 'ITKU001.png', null);
INSERT INTO PROJECTPCS.ITEM (ID, KODE, ID_CATEGORY, HARGA, STATUS, NAMA, DESKRIPSI, ID_SELLER, BERAT, STOK, RATING, IMAGE, CREATED_AT) VALUES (9, 'ITCS001', 9, 100000, '1', 'COUNTER STRIKE 1.6', 'BEST EVER FIRST PERSON SHOOTER', 3, 1, 13, 5, 'ITCS001.png', null);
INSERT INTO PROJECTPCS.ITEM (ID, KODE, ID_CATEGORY, HARGA, STATUS, NAMA, DESKRIPSI, ID_SELLER, BERAT, STOK, RATING, IMAGE, CREATED_AT) VALUES (10, 'ITNF001', 9, 80000, '1', 'NEIGHBOUR FROM HELL', 'MAKE YOUR NEIGHBOUR HAPPY', 3, 1, 99, 5, 'ITNF001.png', null);
INSERT INTO PROJECTPCS.ITEM (ID, KODE, ID_CATEGORY, HARGA, STATUS, NAMA, DESKRIPSI, ID_SELLER, BERAT, STOK, RATING, IMAGE, CREATED_AT) VALUES (11, 'ITNF002', 9, 100000, '1', 'NEIGHBOUR FROM HELL 2', 'MAKE YOUR NEIGHBOUR HAPPY AGAIN', 3, 1, 90, 5, 'ITNF002.png', null);
INSERT INTO PROJECTPCS.ITEM (ID, KODE, ID_CATEGORY, HARGA, STATUS, NAMA, DESKRIPSI, ID_SELLER, BERAT, STOK, RATING, IMAGE, CREATED_AT) VALUES (12, 'ITMX001', 10, 25000000, '1', 'MPHONE XII', 'NEWEST VERSION OF MPHONE WITH ADDITION JUST A MORE CAMERA HOLE FROM PREVIOUS VERSION', 4, 164, 22, null, 'ITMX001.png', null);
INSERT INTO PROJECTPCS.ITEM (ID, KODE, ID_CATEGORY, HARGA, STATUS, NAMA, DESKRIPSI, ID_SELLER, BERAT, STOK, RATING, IMAGE, CREATED_AT) VALUES (13, 'ITMS001', 10, 30000000, '1', 'MSTAND', 'OVERPRICE STAND THAT MAKE YOU BROKE', 4, 100, 28, null, 'ITMS001.png', null);
INSERT INTO PROJECTPCS.ITEM (ID, KODE, ID_CATEGORY, HARGA, STATUS, NAMA, DESKRIPSI, ID_SELLER, BERAT, STOK, RATING, IMAGE, CREATED_AT) VALUES (14, 'ITMM001', 10, 6000000, '1', 'MMUG', 'AN ORDINARY MUG', 4, 50, 3, 1, 'ITMM001.png', null);
INSERT INTO PROJECTPCS.ITEM (ID, KODE, ID_CATEGORY, HARGA, STATUS, NAMA, DESKRIPSI, ID_SELLER, BERAT, STOK, RATING, IMAGE, CREATED_AT) VALUES (15, 'ITMH001', 10, 6000000, '1', 'MMUG HANDLE', 'ADDON FOR MMUG TO MAKE YOU BROKE', 4, 10, 3, 3, 'ITMH001.png', null);

INSERT INTO PROJECTPCS.KURIR (ID, KODE, NAMA, HARGA, STATUS, CREATED_AT) VALUES (1, 'KRJN001', 'JNE', 10000, '1', TO_DATE('2021-06-03 22:09:04', 'YYYY-MM-DD HH24:MI:SS'));
INSERT INTO PROJECTPCS.KURIR (ID, KODE, NAMA, HARGA, STATUS, CREATED_AT) VALUES (2, 'KRJN002', 'JNT', 10000, '1', TO_DATE('2021-06-03 22:09:04', 'YYYY-MM-DD HH24:MI:SS'));
INSERT INTO PROJECTPCS.KURIR (ID, KODE, NAMA, HARGA, STATUS, CREATED_AT) VALUES (3, 'KRSC001', 'SI CEPAT', 10000, '1', TO_DATE('2021-06-03 22:09:04', 'YYYY-MM-DD HH24:MI:SS'));
INSERT INTO PROJECTPCS.KURIR (ID, KODE, NAMA, HARGA, STATUS, CREATED_AT) VALUES (4, 'KRTI001', 'TIKI', 10000, '1', TO_DATE('2021-06-07 13:44:21', 'YYYY-MM-DD HH24:MI:SS'));
INSERT INTO PROJECTPCS.KURIR (ID, KODE, NAMA, HARGA, STATUS, CREATED_AT) VALUES (5, 'KRGO001', 'GOJEK', 10000, '1', TO_DATE('2021-06-07 13:44:21', 'YYYY-MM-DD HH24:MI:SS'));
INSERT INTO PROJECTPCS.KURIR (ID, KODE, NAMA, HARGA, STATUS, CREATED_AT) VALUES (6, 'KRGR001', 'GRAB', 10000, '1', TO_DATE('2021-06-07 13:44:21', 'YYYY-MM-DD HH24:MI:SS'));
INSERT INTO PROJECTPCS.KURIR (ID, KODE, NAMA, HARGA, STATUS, CREATED_AT) VALUES (7, 'KRFE001', 'FEDEX', 10000, '1', TO_DATE('2021-06-07 13:44:21', 'YYYY-MM-DD HH24:MI:SS'));
INSERT INTO PROJECTPCS.KURIR (ID, KODE, NAMA, HARGA, STATUS, CREATED_AT) VALUES (8, 'KRPI001', 'POS INDONESIA', 10000, '1', TO_DATE('2021-06-07 13:44:21', 'YYYY-MM-DD HH24:MI:SS'));

INSERT INTO PROJECTPCS.KURIR_SELLER (ID, ID_SELLER, ID_KURIR, STATUS) VALUES (1, 1, 1, null);
INSERT INTO PROJECTPCS.KURIR_SELLER (ID, ID_SELLER, ID_KURIR, STATUS) VALUES (2, 1, 2, null);
INSERT INTO PROJECTPCS.KURIR_SELLER (ID, ID_SELLER, ID_KURIR, STATUS) VALUES (3, 1, 3, null);
INSERT INTO PROJECTPCS.KURIR_SELLER (ID, ID_SELLER, ID_KURIR, STATUS) VALUES (4, 2, 4, null);
INSERT INTO PROJECTPCS.KURIR_SELLER (ID, ID_SELLER, ID_KURIR, STATUS) VALUES (5, 2, 5, null);
INSERT INTO PROJECTPCS.KURIR_SELLER (ID, ID_SELLER, ID_KURIR, STATUS) VALUES (6, 2, 6, null);
INSERT INTO PROJECTPCS.KURIR_SELLER (ID, ID_SELLER, ID_KURIR, STATUS) VALUES (7, 3, 6, null);
INSERT INTO PROJECTPCS.KURIR_SELLER (ID, ID_SELLER, ID_KURIR, STATUS) VALUES (8, 3, 7, null);
INSERT INTO PROJECTPCS.KURIR_SELLER (ID, ID_SELLER, ID_KURIR, STATUS) VALUES (9, 3, 8, null);
INSERT INTO PROJECTPCS.KURIR_SELLER (ID, ID_SELLER, ID_KURIR, STATUS) VALUES (10, 4, 8, null);
INSERT INTO PROJECTPCS.KURIR_SELLER (ID, ID_SELLER, ID_KURIR, STATUS) VALUES (11, 4, 1, null);
INSERT INTO PROJECTPCS.KURIR_SELLER (ID, ID_SELLER, ID_KURIR, STATUS) VALUES (12, 4, 5, null);

INSERT INTO PROJECTPCS.METODE_PEMBAYARAN (ID, NAMA, STATUS, CREATED_AT) VALUES (6, 'MANDIRI', '1', TO_DATE('2021-06-07 14:11:23', 'YYYY-MM-DD HH24:MI:SS'));
INSERT INTO PROJECTPCS.METODE_PEMBAYARAN (ID, NAMA, STATUS, CREATED_AT) VALUES (7, 'BRI', '1', TO_DATE('2021-06-07 14:11:23', 'YYYY-MM-DD HH24:MI:SS'));
INSERT INTO PROJECTPCS.METODE_PEMBAYARAN (ID, NAMA, STATUS, CREATED_AT) VALUES (8, 'CIMB NIAGA', '1', TO_DATE('2021-06-07 14:11:23', 'YYYY-MM-DD HH24:MI:SS'));
INSERT INTO PROJECTPCS.METODE_PEMBAYARAN (ID, NAMA, STATUS, CREATED_AT) VALUES (1, 'BCA', '1', TO_DATE('2021-06-03 20:19:32', 'YYYY-MM-DD HH24:MI:SS'));
INSERT INTO PROJECTPCS.METODE_PEMBAYARAN (ID, NAMA, STATUS, CREATED_AT) VALUES (2, 'OVO', '1', TO_DATE('2021-06-03 20:19:32', 'YYYY-MM-DD HH24:MI:SS'));
INSERT INTO PROJECTPCS.METODE_PEMBAYARAN (ID, NAMA, STATUS, CREATED_AT) VALUES (3, 'DANA', '1', TO_DATE('2021-06-03 20:19:32', 'YYYY-MM-DD HH24:MI:SS'));
INSERT INTO PROJECTPCS.METODE_PEMBAYARAN (ID, NAMA, STATUS, CREATED_AT) VALUES (4, 'GOPAY', '1', TO_DATE('2021-06-07 13:45:34', 'YYYY-MM-DD HH24:MI:SS'));
INSERT INTO PROJECTPCS.METODE_PEMBAYARAN (ID, NAMA, STATUS, CREATED_AT) VALUES (5, 'SHOPEE', '1', TO_DATE('2021-06-07 13:45:34', 'YYYY-MM-DD HH24:MI:SS'));

INSERT INTO PROJECTPCS.JENIS_PROMO (ID, NAMA, ID_CATEGORY, ID_KURIR, ID_SELLER, ID_METODE_PEMBAYARAN, STATUS, CREATED_AT) VALUES (1, 'PROMO TECHLOGI', null, null, 1, null, '1', TO_DATE('2021-06-07 19:06:06', 'YYYY-MM-DD HH24:MI:SS'));
INSERT INTO PROJECTPCS.JENIS_PROMO (ID, NAMA, ID_CATEGORY, ID_KURIR, ID_SELLER, ID_METODE_PEMBAYARAN, STATUS, CREATED_AT) VALUES (2, 'PROMO GAMER', 9, null, null, null, '1', TO_DATE('2021-06-07 19:06:16', 'YYYY-MM-DD HH24:MI:SS'));
INSERT INTO PROJECTPCS.JENIS_PROMO (ID, NAMA, ID_CATEGORY, ID_KURIR, ID_SELLER, ID_METODE_PEMBAYARAN, STATUS, CREATED_AT) VALUES (3, 'PROMO JNE', null, 1, null, null, '1', TO_DATE('2021-06-07 19:06:31', 'YYYY-MM-DD HH24:MI:SS'));
INSERT INTO PROJECTPCS.JENIS_PROMO (ID, NAMA, ID_CATEGORY, ID_KURIR, ID_SELLER, ID_METODE_PEMBAYARAN, STATUS, CREATED_AT) VALUES (4, 'PROMO NEED MORE WOMEN', 7, null, null, 1, '1', TO_DATE('2021-06-07 19:07:10', 'YYYY-MM-DD HH24:MI:SS'));
INSERT INTO PROJECTPCS.JENIS_PROMO (ID, NAMA, ID_CATEGORY, ID_KURIR, ID_SELLER, ID_METODE_PEMBAYARAN, STATUS, CREATED_AT) VALUES (5, 'PROMO HANDPHONE', 10, null, null, null, '1', TO_DATE('2021-06-08 15:46:35', 'YYYY-MM-DD HH24:MI:SS'));
INSERT INTO PROJECTPCS.JENIS_PROMO (ID, NAMA, ID_CATEGORY, ID_KURIR, ID_SELLER, ID_METODE_PEMBAYARAN, STATUS, CREATED_AT) VALUES (6, 'TUKU GOJEK', null, 5, null, null, '1', TO_DATE('2021-06-08 15:46:47', 'YYYY-MM-DD HH24:MI:SS'));
INSERT INTO PROJECTPCS.JENIS_PROMO (ID, NAMA, ID_CATEGORY, ID_KURIR, ID_SELLER, ID_METODE_PEMBAYARAN, STATUS, CREATED_AT) VALUES (7, 'OVO GAMING', 9, null, null, 2, '1', TO_DATE('2021-06-08 15:47:05', 'YYYY-MM-DD HH24:MI:SS'));
INSERT INTO PROJECTPCS.JENIS_PROMO (ID, NAMA, ID_CATEGORY, ID_KURIR, ID_SELLER, ID_METODE_PEMBAYARAN, STATUS, CREATED_AT) VALUES (8, 'JNEQLO', null, 1, 2, null, '1', TO_DATE('2021-06-08 15:47:19', 'YYYY-MM-DD HH24:MI:SS'));

INSERT INTO PROJECTPCS.PROMO (ID, KODE, POTONGAN, POTONGAN_MAKS, HARGA_MIN, JENIS_POTONGAN, ID_JENIS_PROMO, TANGGAL_AWAL, TANGGAL_AKHIR, STATUS, CREATED_AT) VALUES (8, 'ASTLEY', 20, 30000, 50000, 'P', 2, TO_DATE('2021-06-07 00:00:00', 'YYYY-MM-DD HH24:MI:SS'), TO_DATE('2021-06-30 00:00:00', 'YYYY-MM-DD HH24:MI:SS'), '1', TO_DATE('2021-06-08 15:54:31', 'YYYY-MM-DD HH24:MI:SS'));
INSERT INTO PROJECTPCS.PROMO (ID, KODE, POTONGAN, POTONGAN_MAKS, HARGA_MIN, JENIS_POTONGAN, ID_JENIS_PROMO, TANGGAL_AWAL, TANGGAL_AKHIR, STATUS, CREATED_AT) VALUES (1, 'G001', 50000, 50000, 100000, 'C', 2, TO_DATE('2021-06-06 00:00:00', 'YYYY-MM-DD HH24:MI:SS'), TO_DATE('2021-06-07 00:00:00', 'YYYY-MM-DD HH24:MI:SS'), '1', TO_DATE('2021-06-07 19:08:35', 'YYYY-MM-DD HH24:MI:SS'));
INSERT INTO PROJECTPCS.PROMO (ID, KODE, POTONGAN, POTONGAN_MAKS, HARGA_MIN, JENIS_POTONGAN, ID_JENIS_PROMO, TANGGAL_AWAL, TANGGAL_AKHIR, STATUS, CREATED_AT) VALUES (2, 'JNEMURAH', 20, 30000, 50000, 'C', 3, TO_DATE('2021-06-06 00:00:00', 'YYYY-MM-DD HH24:MI:SS'), TO_DATE('2021-08-06 00:00:00', 'YYYY-MM-DD HH24:MI:SS'), '1', TO_DATE('2021-06-07 19:09:47', 'YYYY-MM-DD HH24:MI:SS'));
INSERT INTO PROJECTPCS.PROMO (ID, KODE, POTONGAN, POTONGAN_MAKS, HARGA_MIN, JENIS_POTONGAN, ID_JENIS_PROMO, TANGGAL_AWAL, TANGGAL_AKHIR, STATUS, CREATED_AT) VALUES (3, 'BAGUVIX', 50, 69000, 200000, 'D', 4, TO_DATE('2021-06-06 00:00:00', 'YYYY-MM-DD HH24:MI:SS'), TO_DATE('2021-06-09 00:00:00', 'YYYY-MM-DD HH24:MI:SS'), '1', TO_DATE('2021-06-07 19:10:32', 'YYYY-MM-DD HH24:MI:SS'));
INSERT INTO PROJECTPCS.PROMO (ID, KODE, POTONGAN, POTONGAN_MAKS, HARGA_MIN, JENIS_POTONGAN, ID_JENIS_PROMO, TANGGAL_AWAL, TANGGAL_AKHIR, STATUS, CREATED_AT) VALUES (4, 'JUMPJET', 50, 100000, 200000, 'P', 1, TO_DATE('2021-06-06 00:00:00', 'YYYY-MM-DD HH24:MI:SS'), TO_DATE('2021-10-06 00:00:00', 'YYYY-MM-DD HH24:MI:SS'), '1', TO_DATE('2021-06-07 19:11:42', 'YYYY-MM-DD HH24:MI:SS'));
INSERT INTO PROJECTPCS.PROMO (ID, KODE, POTONGAN, POTONGAN_MAKS, HARGA_MIN, JENIS_POTONGAN, ID_JENIS_PROMO, TANGGAL_AWAL, TANGGAL_AKHIR, STATUS, CREATED_AT) VALUES (5, 'QLOJNE', 100000, 100000, 500000, 'F', 8, TO_DATE('2021-06-07 00:00:00', 'YYYY-MM-DD HH24:MI:SS'), TO_DATE('2021-06-30 00:00:00', 'YYYY-MM-DD HH24:MI:SS'), '1', TO_DATE('2021-06-08 15:47:50', 'YYYY-MM-DD HH24:MI:SS'));
INSERT INTO PROJECTPCS.PROMO (ID, KODE, POTONGAN, POTONGAN_MAKS, HARGA_MIN, JENIS_POTONGAN, ID_JENIS_PROMO, TANGGAL_AWAL, TANGGAL_AKHIR, STATUS, CREATED_AT) VALUES (6, 'HESOYAM', 250000, 250000, 500000, 'F', 7, TO_DATE('2021-06-07 00:00:00', 'YYYY-MM-DD HH24:MI:SS'), TO_DATE('2021-06-30 00:00:00', 'YYYY-MM-DD HH24:MI:SS'), '1', TO_DATE('2021-06-08 15:49:21', 'YYYY-MM-DD HH24:MI:SS'));
INSERT INTO PROJECTPCS.PROMO (ID, KODE, POTONGAN, POTONGAN_MAKS, HARGA_MIN, JENIS_POTONGAN, ID_JENIS_PROMO, TANGGAL_AWAL, TANGGAL_AKHIR, STATUS, CREATED_AT) VALUES (7, 'AIWPRTON', 60, 50000, 100000, 'P', 6, TO_DATE('2021-06-07 00:00:00', 'YYYY-MM-DD HH24:MI:SS'), TO_DATE('2021-06-30 00:00:00', 'YYYY-MM-DD HH24:MI:SS'), '1', TO_DATE('2021-06-08 15:50:07', 'YYYY-MM-DD HH24:MI:SS'));


INSERT INTO PROJECTPCS.H_TRANS_ITEM (ID, KODE, TANGGAL_TRANSAKSI, ID_CUSTOMER, STATUS, ID_PROMO, GRANDTOTAL, SUBTOTAL, ONGKOS_KIRIM, DISKON, ID_METODE_PEMBAYARAN) VALUES (2, 'HTI0706202100002', TO_DATE('2021-06-07 19:52:55', 'YYYY-MM-DD HH24:MI:SS'), 1, 'P', 1, 190000, 180000, 10000, 0, 6);
INSERT INTO PROJECTPCS.H_TRANS_ITEM (ID, KODE, TANGGAL_TRANSAKSI, ID_CUSTOMER, STATUS, ID_PROMO, GRANDTOTAL, SUBTOTAL, ONGKOS_KIRIM, DISKON, ID_METODE_PEMBAYARAN) VALUES (3, 'HTI0706202100003', TO_DATE('2021-06-07 19:53:28', 'YYYY-MM-DD HH24:MI:SS'), 1, 'P', 3, 160000, 200000, 10000, 50000, 1);
INSERT INTO PROJECTPCS.H_TRANS_ITEM (ID, KODE, TANGGAL_TRANSAKSI, ID_CUSTOMER, STATUS, ID_PROMO, GRANDTOTAL, SUBTOTAL, ONGKOS_KIRIM, DISKON, ID_METODE_PEMBAYARAN) VALUES (1, 'HTI0706202100001', TO_DATE('2021-06-07 19:52:11', 'YYYY-MM-DD HH24:MI:SS'), 1, 'P', null, 310000, 290000, 20000, 0, 6);
INSERT INTO PROJECTPCS.H_TRANS_ITEM (ID, KODE, TANGGAL_TRANSAKSI, ID_CUSTOMER, STATUS, ID_PROMO, GRANDTOTAL, SUBTOTAL, ONGKOS_KIRIM, DISKON, ID_METODE_PEMBAYARAN) VALUES (4, 'HTI0706202100004', TO_DATE('2021-06-07 19:54:21', 'YYYY-MM-DD HH24:MI:SS'), 2, 'P', 2, 12009980, 12000000, 10000, 20, 1);
INSERT INTO PROJECTPCS.H_TRANS_ITEM (ID, KODE, TANGGAL_TRANSAKSI, ID_CUSTOMER, STATUS, ID_PROMO, GRANDTOTAL, SUBTOTAL, ONGKOS_KIRIM, DISKON, ID_METODE_PEMBAYARAN) VALUES (5, 'HTI0706202100005', TO_DATE('2021-06-07 19:55:20', 'YYYY-MM-DD HH24:MI:SS'), 2, 'P', null, 809980, 800000, 10000, 20, 1);
INSERT INTO PROJECTPCS.H_TRANS_ITEM (ID, KODE, TANGGAL_TRANSAKSI, ID_CUSTOMER, STATUS, ID_PROMO, GRANDTOTAL, SUBTOTAL, ONGKOS_KIRIM, DISKON, ID_METODE_PEMBAYARAN) VALUES (6, 'HTI0706202100006', TO_DATE('2021-06-07 19:55:29', 'YYYY-MM-DD HH24:MI:SS'), 2, 'P', null, 25009980, 25000000, 10000, 20, 1);
INSERT INTO PROJECTPCS.H_TRANS_ITEM (ID, KODE, TANGGAL_TRANSAKSI, ID_CUSTOMER, STATUS, ID_PROMO, GRANDTOTAL, SUBTOTAL, ONGKOS_KIRIM, DISKON, ID_METODE_PEMBAYARAN) VALUES (7, 'HTI0706202100007', TO_DATE('2021-06-07 19:56:22', 'YYYY-MM-DD HH24:MI:SS'), 3, 'P', 2, 67009980, 67000000, 10000, 20, 2);
INSERT INTO PROJECTPCS.H_TRANS_ITEM (ID, KODE, TANGGAL_TRANSAKSI, ID_CUSTOMER, STATUS, ID_PROMO, GRANDTOTAL, SUBTOTAL, ONGKOS_KIRIM, DISKON, ID_METODE_PEMBAYARAN) VALUES (8, 'HTI0706202100008', TO_DATE('2021-06-07 19:56:53', 'YYYY-MM-DD HH24:MI:SS'), 3, 'P', null, 1019980, 1000000, 20000, 20, 2);
INSERT INTO PROJECTPCS.H_TRANS_ITEM (ID, KODE, TANGGAL_TRANSAKSI, ID_CUSTOMER, STATUS, ID_PROMO, GRANDTOTAL, SUBTOTAL, ONGKOS_KIRIM, DISKON, ID_METODE_PEMBAYARAN) VALUES (9, 'HTI0706202100009', TO_DATE('2021-06-07 19:57:55', 'YYYY-MM-DD HH24:MI:SS'), 4, 'P', null, 619980, 600000, 20000, 20, 1);
INSERT INTO PROJECTPCS.H_TRANS_ITEM (ID, KODE, TANGGAL_TRANSAKSI, ID_CUSTOMER, STATUS, ID_PROMO, GRANDTOTAL, SUBTOTAL, ONGKOS_KIRIM, DISKON, ID_METODE_PEMBAYARAN) VALUES (10, 'HTI0706202100010', TO_DATE('2021-06-07 19:59:29', 'YYYY-MM-DD HH24:MI:SS'), 4, 'P', null, 55009950, 55000000, 10000, 50, 1);

INSERT INTO PROJECTPCS.D_TRANS_ITEM (ID, ID_H_TRANS_ITEM, ID_ITEM, JUMLAH, STATUS, ID_KURIR) VALUES (5, 2, 11, 1, 'D', 7);
INSERT INTO PROJECTPCS.D_TRANS_ITEM (ID, ID_H_TRANS_ITEM, ID_ITEM, JUMLAH, STATUS, ID_KURIR) VALUES (6, 3, 5, 1, 'D', 5);
INSERT INTO PROJECTPCS.D_TRANS_ITEM (ID, ID_H_TRANS_ITEM, ID_ITEM, JUMLAH, STATUS, ID_KURIR) VALUES (7, 4, 14, 1, 'D', 1);
INSERT INTO PROJECTPCS.D_TRANS_ITEM (ID, ID_H_TRANS_ITEM, ID_ITEM, JUMLAH, STATUS, ID_KURIR) VALUES (8, 4, 15, 1, 'D', 1);
INSERT INTO PROJECTPCS.D_TRANS_ITEM (ID, ID_H_TRANS_ITEM, ID_ITEM, JUMLAH, STATUS, ID_KURIR) VALUES (9, 5, 8, 1, 'S', 4);
INSERT INTO PROJECTPCS.D_TRANS_ITEM (ID, ID_H_TRANS_ITEM, ID_ITEM, JUMLAH, STATUS, ID_KURIR) VALUES (10, 5, 7, 2, 'S', 4);
INSERT INTO PROJECTPCS.D_TRANS_ITEM (ID, ID_H_TRANS_ITEM, ID_ITEM, JUMLAH, STATUS, ID_KURIR) VALUES (1, 1, 1, 1, 'D', 2);
INSERT INTO PROJECTPCS.D_TRANS_ITEM (ID, ID_H_TRANS_ITEM, ID_ITEM, JUMLAH, STATUS, ID_KURIR) VALUES (2, 1, 2, 1, 'D', 2);
INSERT INTO PROJECTPCS.D_TRANS_ITEM (ID, ID_H_TRANS_ITEM, ID_ITEM, JUMLAH, STATUS, ID_KURIR) VALUES (3, 1, 9, 2, 'D', 7);
INSERT INTO PROJECTPCS.D_TRANS_ITEM (ID, ID_H_TRANS_ITEM, ID_ITEM, JUMLAH, STATUS, ID_KURIR) VALUES (4, 2, 10, 1, 'D', 7);
INSERT INTO PROJECTPCS.D_TRANS_ITEM (ID, ID_H_TRANS_ITEM, ID_ITEM, JUMLAH, STATUS, ID_KURIR) VALUES (11, 6, 12, 1, 'S', 8);
INSERT INTO PROJECTPCS.D_TRANS_ITEM (ID, ID_H_TRANS_ITEM, ID_ITEM, JUMLAH, STATUS, ID_KURIR) VALUES (12, 7, 12, 1, 'S', 1);
INSERT INTO PROJECTPCS.D_TRANS_ITEM (ID, ID_H_TRANS_ITEM, ID_ITEM, JUMLAH, STATUS, ID_KURIR) VALUES (13, 7, 13, 1, 'S', 1);
INSERT INTO PROJECTPCS.D_TRANS_ITEM (ID, ID_H_TRANS_ITEM, ID_ITEM, JUMLAH, STATUS, ID_KURIR) VALUES (14, 7, 14, 1, 'S', 1);
INSERT INTO PROJECTPCS.D_TRANS_ITEM (ID, ID_H_TRANS_ITEM, ID_ITEM, JUMLAH, STATUS, ID_KURIR) VALUES (15, 7, 15, 1, 'S', 1);
INSERT INTO PROJECTPCS.D_TRANS_ITEM (ID, ID_H_TRANS_ITEM, ID_ITEM, JUMLAH, STATUS, ID_KURIR) VALUES (16, 8, 4, 1, 'S', 1);
INSERT INTO PROJECTPCS.D_TRANS_ITEM (ID, ID_H_TRANS_ITEM, ID_ITEM, JUMLAH, STATUS, ID_KURIR) VALUES (17, 8, 11, 2, 'S', 6);
INSERT INTO PROJECTPCS.D_TRANS_ITEM (ID, ID_H_TRANS_ITEM, ID_ITEM, JUMLAH, STATUS, ID_KURIR) VALUES (18, 9, 7, 1, 'S', 4);
INSERT INTO PROJECTPCS.D_TRANS_ITEM (ID, ID_H_TRANS_ITEM, ID_ITEM, JUMLAH, STATUS, ID_KURIR) VALUES (19, 9, 5, 1, 'S', 4);
INSERT INTO PROJECTPCS.D_TRANS_ITEM (ID, ID_H_TRANS_ITEM, ID_ITEM, JUMLAH, STATUS, ID_KURIR) VALUES (20, 9, 9, 1, 'S', 6);
INSERT INTO PROJECTPCS.D_TRANS_ITEM (ID, ID_H_TRANS_ITEM, ID_ITEM, JUMLAH, STATUS, ID_KURIR) VALUES (21, 10, 13, 1, 'S', 8);
INSERT INTO PROJECTPCS.D_TRANS_ITEM (ID, ID_H_TRANS_ITEM, ID_ITEM, JUMLAH, STATUS, ID_KURIR) VALUES (22, 10, 12, 1, 'S', 8);

INSERT INTO PROJECTPCS.H_DISKUSI (ID, ID_CUSTOMER, MESSAGE, ID_ITEM, STATUS, CREATED_AT) VALUES (1, 4, 'besarnya sebesar apa ya kak?
', 1, '1', TO_DATE('2021-06-07 20:00:20', 'YYYY-MM-DD HH24:MI:SS'));
INSERT INTO PROJECTPCS.H_DISKUSI (ID, ID_CUSTOMER, MESSAGE, ID_ITEM, STATUS, CREATED_AT) VALUES (2, 4, 'Buat cowok cocok g ya?
', 7, '1', TO_DATE('2021-06-07 20:01:32', 'YYYY-MM-DD HH24:MI:SS'));
INSERT INTO PROJECTPCS.H_DISKUSI (ID, ID_CUSTOMER, MESSAGE, ID_ITEM, STATUS, CREATED_AT) VALUES (3, 1, 'Bisa dibuat keset g ya?
', 8, '1', TO_DATE('2021-06-07 20:03:43', 'YYYY-MM-DD HH24:MI:SS'));
INSERT INTO PROJECTPCS.H_DISKUSI (ID, ID_CUSTOMER, MESSAGE, ID_ITEM, STATUS, CREATED_AT) VALUES (4, 1, 'bedanya sama versi sebelumnya apa ya?
', 12, '1', TO_DATE('2021-06-07 20:05:36', 'YYYY-MM-DD HH24:MI:SS'));
INSERT INTO PROJECTPCS.H_DISKUSI (ID, ID_CUSTOMER, MESSAGE, ID_ITEM, STATUS, CREATED_AT) VALUES (5, 1, 'ini halal kan?
', 11, '1', TO_DATE('2021-06-07 20:07:02', 'YYYY-MM-DD HH24:MI:SS'));
INSERT INTO PROJECTPCS.H_DISKUSI (ID, ID_CUSTOMER, MESSAGE, ID_ITEM, STATUS, CREATED_AT) VALUES (6, 3, 'ini gantungan baju?
', 13, '1', TO_DATE('2021-06-07 20:08:02', 'YYYY-MM-DD HH24:MI:SS'));
INSERT INTO PROJECTPCS.H_DISKUSI (ID, ID_CUSTOMER, MESSAGE, ID_ITEM, STATUS, CREATED_AT) VALUES (7, 3, 'gelasnya bisa apa saja?
', 14, '1', TO_DATE('2021-06-07 20:08:16', 'YYYY-MM-DD HH24:MI:SS'));
INSERT INTO PROJECTPCS.H_DISKUSI (ID, ID_CUSTOMER, MESSAGE, ID_ITEM, STATUS, CREATED_AT) VALUES (8, 4, 'bisa buat ngecheat cewek g ya?
', 4, '1', TO_DATE('2021-06-07 20:08:48', 'YYYY-MM-DD HH24:MI:SS'));
INSERT INTO PROJECTPCS.H_DISKUSI (ID, ID_CUSTOMER, MESSAGE, ID_ITEM, STATUS, CREATED_AT) VALUES (9, 4, 'ini game buat anak-anak ya?
', 10, '1', TO_DATE('2021-06-07 20:09:33', 'YYYY-MM-DD HH24:MI:SS'));
INSERT INTO PROJECTPCS.H_DISKUSI (ID, ID_CUSTOMER, MESSAGE, ID_ITEM, STATUS, CREATED_AT) VALUES (10, 4, 'wireless ya ini?
', 2, '1', TO_DATE('2021-06-07 20:09:59', 'YYYY-MM-DD HH24:MI:SS'));


INSERT INTO PROJECTPCS.D_DISKUSI (ID, ID_SELLER, ID_CUSTOMER, MESSAGE, STATUS, CREATED_AT, SENDER, ID_H_DISKUSI) VALUES (1, null, 1, '*gan
', null, TO_DATE('2021-06-07 20:07:11', 'YYYY-MM-DD HH24:MI:SS'), 'C', 5);
INSERT INTO PROJECTPCS.D_DISKUSI (ID, ID_SELLER, ID_CUSTOMER, MESSAGE, STATUS, CREATED_AT, SENDER, ID_H_DISKUSI) VALUES (3, 1, null, 'bisa, tapi cuma yang ada di game
', null, TO_DATE('2021-06-08 15:15:28', 'YYYY-MM-DD HH24:MI:SS'), 'S', 8);
INSERT INTO PROJECTPCS.D_DISKUSI (ID, ID_SELLER, ID_CUSTOMER, MESSAGE, STATUS, CREATED_AT, SENDER, ID_H_DISKUSI) VALUES (4, 1, null, 'ini mouse wired, tetapi jika ingin jadi wireless tinggal dipotong saja kabelnya
', null, TO_DATE('2021-06-08 15:16:24', 'YYYY-MM-DD HH24:MI:SS'), 'S', 10);
INSERT INTO PROJECTPCS.D_DISKUSI (ID, ID_SELLER, ID_CUSTOMER, MESSAGE, STATUS, CREATED_AT, SENDER, ID_H_DISKUSI) VALUES (5, 4, null, 'cuma tambah lubangnya saja
', null, TO_DATE('2021-06-08 15:16:59', 'YYYY-MM-DD HH24:MI:SS'), 'S', 4);
INSERT INTO PROJECTPCS.D_DISKUSI (ID, ID_SELLER, ID_CUSTOMER, MESSAGE, STATUS, CREATED_AT, SENDER, ID_H_DISKUSI) VALUES (6, 4, null, 'bukan, tetapi ini gantungan celana
', null, TO_DATE('2021-06-08 15:17:15', 'YYYY-MM-DD HH24:MI:SS'), 'S', 6);
INSERT INTO PROJECTPCS.D_DISKUSI (ID, ID_SELLER, ID_CUSTOMER, MESSAGE, STATUS, CREATED_AT, SENDER, ID_H_DISKUSI) VALUES (7, 4, null, 'bisa buat anda jatuh miskin
', null, TO_DATE('2021-06-08 15:17:30', 'YYYY-MM-DD HH24:MI:SS'), 'S', 7);
INSERT INTO PROJECTPCS.D_DISKUSI (ID, ID_SELLER, ID_CUSTOMER, MESSAGE, STATUS, CREATED_AT, SENDER, ID_H_DISKUSI) VALUES (8, 2, null, 'tergantung selera anda
', null, TO_DATE('2021-06-08 15:35:45', 'YYYY-MM-DD HH24:MI:SS'), 'S', 2);
INSERT INTO PROJECTPCS.D_DISKUSI (ID, ID_SELLER, ID_CUSTOMER, MESSAGE, STATUS, CREATED_AT, SENDER, ID_H_DISKUSI) VALUES (9, 2, null, 'bisa
', null, TO_DATE('2021-06-08 15:35:52', 'YYYY-MM-DD HH24:MI:SS'), 'S', 3);
INSERT INTO PROJECTPCS.D_DISKUSI (ID, ID_SELLER, ID_CUSTOMER, MESSAGE, STATUS, CREATED_AT, SENDER, ID_H_DISKUSI) VALUES (10, 3, null, 'halal
', null, TO_DATE('2021-06-08 15:36:19', 'YYYY-MM-DD HH24:MI:SS'), 'S', 5);
INSERT INTO PROJECTPCS.D_DISKUSI (ID, ID_SELLER, ID_CUSTOMER, MESSAGE, STATUS, CREATED_AT, SENDER, ID_H_DISKUSI) VALUES (11, 3, null, 'segala usia
', null, TO_DATE('2021-06-08 15:36:30', 'YYYY-MM-DD HH24:MI:SS'), 'S', 9);
INSERT INTO PROJECTPCS.D_DISKUSI (ID, ID_SELLER, ID_CUSTOMER, MESSAGE, STATUS, CREATED_AT, SENDER, ID_H_DISKUSI) VALUES (2, 1, null, 'sebesar mouse type a
', null, TO_DATE('2021-06-08 15:11:18', 'YYYY-MM-DD HH24:MI:SS'), 'S', 1);

INSERT INTO PROJECTPCS.TRANS_OS (ID, KODE, TANGGAL_TRANSAKSI, STATUS, ID_SELLER) VALUES (1, 'TOS0806202100001', TO_DATE('2021-06-08 15:43:46', 'YYYY-MM-DD HH24:MI:SS'), 'D', 3);
INSERT INTO PROJECTPCS.TRANS_OS (ID, KODE, TANGGAL_TRANSAKSI, STATUS, ID_SELLER) VALUES (2, 'TOS0806202100002', TO_DATE('2021-06-08 15:45:19', 'YYYY-MM-DD HH24:MI:SS'), 'D', 4);
INSERT INTO PROJECTPCS.TRANS_OS (ID, KODE, TANGGAL_TRANSAKSI, STATUS, ID_SELLER) VALUES (3, 'TOS0806202100003', TO_DATE('2021-06-08 15:45:43', 'YYYY-MM-DD HH24:MI:SS'), 'A', 5);
INSERT INTO PROJECTPCS.TRANS_OS (ID, KODE, TANGGAL_TRANSAKSI, STATUS, ID_SELLER) VALUES (4, 'TOS0806202100004', TO_DATE('2021-06-08 15:46:04', 'YYYY-MM-DD HH24:MI:SS'), 'D', 6);
INSERT INTO PROJECTPCS.TRANS_OS (ID, KODE, TANGGAL_TRANSAKSI, STATUS, ID_SELLER) VALUES (5, 'TOS0806202100005', TO_DATE('2021-06-08 15:50:34', 'YYYY-MM-DD HH24:MI:SS'), 'D', 4);
INSERT INTO PROJECTPCS.TRANS_OS (ID, KODE, TANGGAL_TRANSAKSI, STATUS, ID_SELLER) VALUES (6, 'TOS0806202100006', TO_DATE('2021-06-08 15:50:54', 'YYYY-MM-DD HH24:MI:SS'), 'A', 3);
INSERT INTO PROJECTPCS.TRANS_OS (ID, KODE, TANGGAL_TRANSAKSI, STATUS, ID_SELLER) VALUES (7, 'TOS0806202100007', TO_DATE('2021-06-08 15:51:21', 'YYYY-MM-DD HH24:MI:SS'), 'R', 7);
INSERT INTO PROJECTPCS.TRANS_OS (ID, KODE, TANGGAL_TRANSAKSI, STATUS, ID_SELLER) VALUES (8, 'TOS0806202100008', TO_DATE('2021-06-08 15:51:39', 'YYYY-MM-DD HH24:MI:SS'), 'R', 8);
INSERT INTO PROJECTPCS.TRANS_OS (ID, KODE, TANGGAL_TRANSAKSI, STATUS, ID_SELLER) VALUES (9, 'TOS0806202100009', TO_DATE('2021-06-08 15:52:15', 'YYYY-MM-DD HH24:MI:SS'), 'R', 4);

INSERT INTO PROJECTPCS.ULASAN (ID, ID_CUSTOMER, REPLY, MESSAGE, RATING, STATUS, CREATED_AT, ID_D_TRANS_ITEM, ID_SELLER, REPLY_AT) VALUES (1, 1, 'terima kasih', 'Bagus gan barangnya
', 0, '1', TO_DATE('2021-06-07 20:17:11', 'YYYY-MM-DD HH24:MI:SS'), 1, null, null);
INSERT INTO PROJECTPCS.ULASAN (ID, ID_CUSTOMER, REPLY, MESSAGE, RATING, STATUS, CREATED_AT, ID_D_TRANS_ITEM, ID_SELLER, REPLY_AT) VALUES (2, 1, 'terima kasih', 'Mousenya bagus
', 5, '1', TO_DATE('2021-06-07 20:17:32', 'YYYY-MM-DD HH24:MI:SS'), 2, 1, null);
INSERT INTO PROJECTPCS.ULASAN (ID, ID_CUSTOMER, REPLY, MESSAGE, RATING, STATUS, CREATED_AT, ID_D_TRANS_ITEM, ID_SELLER, REPLY_AT) VALUES (3, 1, 'beli mouse dengan built in cheat biar mudah', 'Gamenya kok susah ya
', 5, '1', TO_DATE('2021-06-07 20:17:51', 'YYYY-MM-DD HH24:MI:SS'), 3, 3, null);
INSERT INTO PROJECTPCS.ULASAN (ID, ID_CUSTOMER, REPLY, MESSAGE, RATING, STATUS, CREATED_AT, ID_D_TRANS_ITEM, ID_SELLER, REPLY_AT) VALUES (4, 1, 'anda kurang bermain lebih lagi', 'Tetangga saya kok jadi marah ya
', 5, '1', TO_DATE('2021-06-07 20:18:08', 'YYYY-MM-DD HH24:MI:SS'), 5, 3, null);
INSERT INTO PROJECTPCS.ULASAN (ID, ID_CUSTOMER, REPLY, MESSAGE, RATING, STATUS, CREATED_AT, ID_D_TRANS_ITEM, ID_SELLER, REPLY_AT) VALUES (5, 1, 'anda kurang bermain lebih lagi lagi', 'Tetangga saya kok marah lagi ya
', 5, '1', TO_DATE('2021-06-07 20:18:30', 'YYYY-MM-DD HH24:MI:SS'), 4, 3, null);
INSERT INTO PROJECTPCS.ULASAN (ID, ID_CUSTOMER, REPLY, MESSAGE, RATING, STATUS, CREATED_AT, ID_D_TRANS_ITEM, ID_SELLER, REPLY_AT) VALUES (6, 1, 'terima kasih', 'Kurang bagus, buat cowok g cocok
', 2, '1', TO_DATE('2021-06-07 20:18:52', 'YYYY-MM-DD HH24:MI:SS'), 6, null, null);
INSERT INTO PROJECTPCS.ULASAN (ID, ID_CUSTOMER, REPLY, MESSAGE, RATING, STATUS, CREATED_AT, ID_D_TRANS_ITEM, ID_SELLER, REPLY_AT) VALUES (7, 2, 'terima kasih', 'uang saya kok habis ya
', 1, '1', TO_DATE('2021-06-07 20:19:45', 'YYYY-MM-DD HH24:MI:SS'), 7, null, null);
INSERT INTO PROJECTPCS.ULASAN (ID, ID_CUSTOMER, REPLY, MESSAGE, RATING, STATUS, CREATED_AT, ID_D_TRANS_ITEM, ID_SELLER, REPLY_AT) VALUES (8, 2, 'terima kasih', 'Handle nya bagus tapi kok murah
', 3, '1', TO_DATE('2021-06-07 20:20:22', 'YYYY-MM-DD HH24:MI:SS'), 8, null, null);